CLUES,NOMBRE DE LA CLÍNICA,LOCALIDAD,MUNICIPIO,JURISDICCIÓN,FECHA DE CAPACITACIÓN,Tratamiento,cl_cov_moviPct,cl_cov_telcelPct,cl_inst_clCat,cl_inst_clave_clCat,cl_inst_nombre_clCat,cl_ent_clave_clCat,cl_ent_nombre_clCat,cl_jur_clave_clCat,cl_mun_clave_clCat,cl_loc_clave_clCat,,cl_clase_clave_clCat,cl_clase_nombre_clCat,cl_tipo_clave_clCat,cl_tipo_nombre_clCat,cl_domicilio_clCat,cl_cp_clCat,cl_estatus_clave_clCat,cl_estatus_nombre_clCat,cl_longitude,cl_latitude,pregnant_estim,,GRUPO,ENLACE ASIGNADO,UAR DEL ENLACE ASIGNADO
MCSSA000084,LOS PILARES,LOS PILARES,ACAMBAY DE RUÍZ CASTAÑEDA,ATLACOMULCO,06/05/2016,,,,,,,,,,,,,,,,,,,,,,,,,1,,TULANCINGO
MCSSA000101,SAN FRANCISCO SHAXNI,SAN FRANCISCO SHAXNI,ACAMBAY DE RUÍZ CASTAÑEDA,ATLACOMULCO,03/05/2016,,,,,,,,,,,,,,,,,,,,,,,,,1,,
MCSSA000125,SAN PEDRO DE LOS METATES,SAN PEDRO DE LOS METATES,ACAMBAY DE RUÍZ CASTAÑEDA,ATLACOMULCO,04/05/2016,,,,,,,,,,,,,,,,,,,,,,,,,1,,TULA
MCSSA000311,SAN LUCAS TOTOLMALOYA,SAN LUCAS TOTOLMALOYA,ACULCO,JILOTEPEC,02/05/2016,,,,,,,,,,,,,,,,,,,,,,,,,3,,IXMIQUILPAN
MCSSA000562,SAN PEDRO DE LA CONCEPCIÓN,BARRIO SAN PEDRO (LA CONCEPCIÓN SAN PEDRO),ALMOLOYA DE JUÁREZ,TOLUCA,17/05/2016,,,,,,,,,,,,,,,,,,,,,,,,,2,,TULANCINGO
MCSSA000632,CEAPS ALMOLOYA DEL RÍO  LEONARDO BRAVO BICENTENARIO,ALMOLOYA DEL RÍO,ALMOLOYA DEL RÍO,TENANGO DEL VALLE,31/05/2016,,,,,,,,,,,,,,,,,,,,,,,,,1,,
MCSSA000726,CEAPS AMATEPEC,AMATEPEC,AMATEPEC,TEJUPILCO,31/05/2016,,,,,,,,,,,,,,,,,,,,,,,,,3,,IXMIQUILPAN
MCSSA000796,PALMAR CHICO,PALMAR CHICO,AMATEPEC,TEJUPILCO,30/05/2016,,,,,,,,,,,,,,,,,,,,,,,,,3,,TULA
MCSSA000883,AMECAMECA,AMECAMECA DE JUÁREZ,AMECAMECA,AMECAMECA,25/05/2016,,,,,,,,,,,,,,,,,,,,,,,,,1,,METZTITLAN
MCSSA001093,LOMAS DE SAN MIGUEL,CIUDAD LÓPEZ MATEOS,ATIZAPÁN DE ZARAGOZA,ATIZAPÁN DE ZARAGOZA,05/05/2016,,,,,,,,,,,,,,,,,,,,,,,,,2,,
MCSSA001175,SAN ANTONIO ENCHISI,SAN ANTONIO ENCHISI,ATLACOMULCO,ATLACOMULCO,09/05/2016,,,,,,,,,,,,,,,,,,,,,,,,,1,,TULA
MCSSA001320,JALTEPEC,JALTEPEC,AXAPUSCO,TEOTIHUACÁN,18/05/2016,,,,,,,,,,,,,,,,,,,,,,,,,1,,
MCSSA001571,COL. HIDALGO (SAN LUIS),SAN LUIS (COLONIA HIDALGO),COATEPEC HARINAS,TENANCINGO,24/05/2016,,,,,,,,,,,,,,,,,,,,,,,,,3,,
MCSSA001752,SAN MARTÍN CUAUTLALPAN,SAN MARTÍN CUAUTLALPAN,CHALCO,AMECAMECA,25/05/2016,,,,,,,,,,,,,,,,,,,,,,,,,3,,METZTITLAN
MCSSA001793,SANTA MARÍA HUEXOCULCO,SANTA MARÍA HUEXOCULCO,CHALCO,AMECAMECA,26/05/2016,,,,,,,,,,,,,,,,,,,,,,,,,3,,TULA
MCSSA001851,SAN FELIPE COAMANGO,SAN FELIPE COAMANGO,CHAPA DE MOTA,JILOTEPEC,06/05/2016,,,,,,,,,,,,,,,,,,,,,,,,,2,,MOLANGO
MCSSA002003,SAN VICENTE CHICOLOAPAN,CHICOLOAPAN DE JUÁREZ,CHICOLOAPAN,TEXCOCO,23/05/2016,,,,,,,,,,,,,,,,,,,,,,,,,3,,TULA
MCSSA002172,SANTIAGO HUITLAPALTEPEC,SANTIAGO HUITLAPALTEPEC,DONATO GUERRA,VALLE DE BRAVO,03/06/2016,,,,,,,,,,,,,,,,,,,,,,,,,1,,
MCSSA002213,TABLA DEL POZO,ECATEPEC DE MORELOS,ECATEPEC DE MORELOS,ECATEPEC,10/05/2016,,,,,,,,,,,,,,,,,,,,,,,,,3,,
MCSSA002242,CIUDAD CUAUHTÉMOC,ECATEPEC DE MORELOS,ECATEPEC DE MORELOS,ECATEPEC,12/05/2016,,,,,,,,,,,,,,,,,,,,,,,,,2,,MOLANGO
MCSSA002266,JARDINES DE MORELOS,ECATEPEC DE MORELOS,ECATEPEC DE MORELOS,ECATEPEC,12/05/2016,,,,,,,,,,,,,,,,,,,,,,,,,1,,
MCSSA002271,JOSÉ MA.MORELOS Y PAVÓN,ECATEPEC DE MORELOS,ECATEPEC DE MORELOS,ECATEPEC,11/05/2016,,,,,,,,,,,,,,,,,,,,,,,,,2,,TULANCINGO
MCSSA002283,SANTA CLARA,ECATEPEC DE MORELOS,ECATEPEC DE MORELOS,ECATEPEC,12/05/2016,,,,,,,,,,,,,,,,,,,,,,,,,1,,
MCSSA002295,AMPLIACIÓN TULPETLAC,ECATEPEC DE MORELOS,ECATEPEC DE MORELOS,ECATEPEC,09/05/2016,,,,,,,,,,,,,,,,,,,,,,,,,2,,
MCSSA002336,HANK GONZÁLEZ,ECATEPEC DE MORELOS,ECATEPEC DE MORELOS,ECATEPEC,10/05/2016,,,,,,,,,,,,,,,,,,,,,,,,,2,,
MCSSA002423,TLACOTOMPA,SAN JUAN TLACOTOMPA (TLACOTOMPA),ECATZINGO,AMECAMECA,30/05/2016,,,,,,,,,,,,,,,,,,,,,,,,,2,,
MCSSA002464,SAN MIGUEL DE LOS JAGUEYES,SAN MIGUEL JAGÜEYES,HUEHUETOCA,ZUMPANGO,11/05/2016,,,,,,,,,,,,,,,,,,,,,,,,,1,,TULANCINGO
MCSSA002563,DOS RÍOS,DOS RÍOS,HUIXQUILUCAN,XONACATLÁN,02/05/2016,,,,,,,,,,,,,,,,,,,,,,,,,1,,IXMIQUILPAN
MCSSA002592,SAN JUAN YAUTEPEC,SAN JUAN YAUTEPEC,HUIXQUILUCAN,XONACATLÁN,02/05/2016,,,,,,,,,,,,,,,,,,,,,,,,,2,,
MCSSA002720,COATEPEC,COATEPEC,IXTAPALUCA,AMECAMECA,20/05/2016,,,,,,,,,,,,,,,,,,,,,,,,,1,,
MCSSA002744,RÍO FRÍO DE JUÁREZ,RÍO FRÍO DE JUÁREZ,IXTAPALUCA,AMECAMECA,27/05/2016,,,,,,,,,,,,,,,,,,,,,,,,,3,,TULANCINGO
MCSSA002901,GUADALUPE CACHI,GUADALUPE CACHI,IXTLAHUACA,IXTLAHUACA,13/05/2016,,,,,,,,,,,,,,,,,,,,,,,,,1,,
MCSSA002925,SAN ANDRÉS DEL PEDREGAL,SAN ANDRÉS DEL PEDREGAL,IXTLAHUACA,IXTLAHUACA,12/05/2016,,,,,,,,,,,,,,,,,,,,,,,,,3,,
MCSSA003070,SANTO DOMINGO DE GUZMÁN,SANTO DOMINGO DE GUZMÁN,IXTLAHUACA,IXTLAHUACA,13/05/2016,,,,,,,,,,,,,,,,,,,,,,,,,3,,
MCSSA003123,SAN JUAN TOMASQUILLO,SAN JUAN TOMASQUILLO HERRADURA,XALATLACO,TENANGO DEL VALLE,01/06/2016,,,,,,,,,,,,,,,,,,,,,,,,,1,,
MCSSA003135,CEAPS JALTENCO,JALTENCO,JALTENCO,ZUMPANGO,13/05/2016,,,,,,,,,,,,,,,,,,,,,,,,,1,,
MCSSA003251,SAN LORENZO NENAMICOYAN,SAN LORENZO NENAMICOYAN,JILOTEPEC,JILOTEPEC,05/05/2016,,,,,,,,,,,,,,,,,,,,,,,,,3,,IXMIQUILPAN
MCSSA003391,LOMA HIDALGO,LOMA DE HIDALGO,JIQUIPILCO,IXTLAHUACA,16/05/2016,,,,,,,,,,,,,,,,,,,,,,,,,1,,
MCSSA003683,CEAPS JUCHITEPEC IGNACIO LÓPEZ RAYÓN BICENTENARIO,JUCHITEPEC DE MARIANO RIVAPALACIO,JUCHITEPEC,AMECAMECA,26/05/2016,,,,,,,,,,,,,,,,,,,,,,,,,2,,
MCSSA003946,MEXICALTZINGO,SAN MATEO MEXICALTZINGO,MEXICALTZINGO,TENANGO DEL VALLE,20/05/2016,,,,,,,,,,,,,,,,,,,,,,,,,2,,
MCSSA004202,SAN FRANCISCO CHIMALPA,SAN FRANCISCO CHIMALPA,NAUCALPAN DE JUÁREZ,NAUCALPAN,03/05/2016,,,,,,,,,,,,,,,,,,,,,,,,,1,,
MCSSA004226,RINCÓN VERDE,RINCÓN VERDE,NAUCALPAN DE JUÁREZ,NAUCALPAN,03/05/2016,,,,,,,,,,,,,,,,,,,,,,,,,2,,
MCSSA004284,CIUDAD LAGO,CIUDAD NEZAHUALCÓYOTL,NEZAHUALCÓYOTL,NEZAHUALCÓYOTL,23/05/2016,,,,,,,,,,,,,,,,,,,,,,,,,2,,
MCSSA004313,BENITO JUÁREZ,CIUDAD NEZAHUALCÓYOTL,NEZAHUALCÓYOTL,NEZAHUALCÓYOTL,19/05/2016,,,,,,,,,,,,,,,,,,,,,,,,,3,,
MCSSA004342,COL.MARAVILLAS,CIUDAD NEZAHUALCÓYOTL,NEZAHUALCÓYOTL,NEZAHUALCÓYOTL,24/05/2016,,,,,,,,,,,,,,,,,,,,,,,,,1,,
MCSSA004395,METROPOLITANA,CIUDAD NEZAHUALCÓYOTL,NEZAHUALCÓYOTL,NEZAHUALCÓYOTL,23/05/2016,,,,,,,,,,,,,,,,,,,,,,,,,1,,
MCSSA004453,COL. LIBERTAD,VILLA NICOLÁS ROMERO,NICOLÁS ROMERO,ATIZAPÁN DE ZARAGOZA,03/05/2016,,,,,,,,,,,,,,,,,,,,,,,,,3,,
MCSSA004465,INDEPENDENCIA,VILLA NICOLÁS ROMERO,NICOLÁS ROMERO,ATIZAPÁN DE ZARAGOZA,05/05/2016,,,,,,,,,,,,,,,,,,,,,,,,,3,,
MCSSA004552,SAN FELIPE TEOTITLÁN,SAN FELIPE TEOTITLÁN,NOPALTEPEC,TEOTIHUACÁN,17/05/2016,,,,,,,,,,,,,,,,,,,,,,,,,3,,
MCSSA004815,BELÉM,BELÉM,OTUMBA,TEOTIHUACÁN,19/05/2016,,,,,,,,,,,,,,,,,,,,,,,,,1,,
MCSSA004820,SANTIAGO TOLMAN,SANTIAGO TOLMAN,OTUMBA,TEOTIHUACÁN,17/05/2016,,,,,,,,,,,,,,,,,,,,,,,,,1,,
MCSSA004885,MAYORAZGO (SANTA ANA),SANTA ANA MAYORAZGO,OTZOLOTEPEC,XONACATLÁN,27/05/2016,,,,,,,,,,,,,,,,,,,,,,,,,2,,
MCSSA004984,LA MAGDALENA,LOS REYES ACAQUILPAN,LA PAZ,NEZAHUALCÓYOTL,20/05/2016,,,,,,,,,,,,,,,,,,,,,,,,,3,,
MCSSA005223,SAN ANTONIO MEXTEPEC,SAN ANTONIO MEXTEPEC,SAN FELIPE DEL PROGRESO,IXTLAHUACA,10/05/2016,,,,,,,,,,,,,,,,,,,,,,,,,1,,
MCSSA005276,SAN MIGUEL LA LABOR,SAN MIGUEL LA LABOR,SAN FELIPE DEL PROGRESO,IXTLAHUACA,11/05/2016,,,,,,,,,,,,,,,,,,,,,,,,,3,,
MCSSA005614,PUENTECILLAS,PUENTECILLAS,SULTEPEC,TENANCINGO,25/05/2016,,,,,,,,,,,,,,,,,,,,,,,,,3,,
MCSSA005643,SAN PEDRO HUEYAHUALCO,SAN PEDRO HUEYAHUALCO,SULTEPEC,TENANCINGO,25/05/2016,,,,,,,,,,,,,,,,,,,,,,,,,1,,
MCSSA005655,SANTA CRUZ TEXCALAPA,SANTA CRUZ (SANTA CRUZ TEXCALAPA),SULTEPEC,TENANCINGO,25/05/2016,,,,,,,,,,,,,,,,,,,,,,,,,2,,
MCSSA005701,REYES ACOZAC,LOS REYES ACOZAC,TECÁMAC,ZUMPANGO,13/05/2016,,,,,,,,,,,,,,,,,,,,,,,,,2,,
MCSSA005836,LABOR DE ZARAGOZA LA,LA LABOR DE ZARAGOZA,TEJUPILCO,TEJUPILCO,27/05/2016,,,,,,,,,,,,,,,,,,,,,,,,,2,,
MCSSA005865,PANTOJA,PANTOJA,TEJUPILCO,TEJUPILCO,27/05/2016,,,,,,,,,,,,,,,,,,,,,,,,,3,,
MCSSA005940,CEAPS TEMASCALAPA LEANDRO VALLE BICENTENARIO,TEMASCALAPA,TEMASCALAPA,TEOTIHUACÁN,16/05/2016,,,,,,,,,,,,,,,,,,,,,,,,,2,,
MCSSA006454,C.S.U. TENANCINGO,TENANCINGO DE DEGOLLADO,TENANCINGO,TENANCINGO,23/05/2016,,,,,,,,,,,,,,,,,,,,,,,,,1,,
MCSSA006483,SANTA ANA IXTLAHUATZINGO,SANTA ANA IXTLAHUATZINGO (SANTA ANA),TENANCINGO,TENANCINGO,23/05/2016,,,,,,,,,,,,,,,,,,,,,,,,,2,,
MCSSA006594,SAN PEDRO TLANIXCO,SAN PEDRO TLANIXCO,TENANGO DEL VALLE,TENANGO DEL VALLE,20/05/2016,,,,,,,,,,,,,,,,,,,,,,,,,1,,
MCSSA006611,SANTA MARÍA JAJALPA,SANTA MARÍA JAJALPA,TENANGO DEL VALLE,TENANGO DEL VALLE,31/05/2016,,,,,,,,,,,,,,,,,,,,,,,,,3,,
MCSSA006710,SAN LORENZO TLALMIMILOLPAN,SAN LORENZO TLALMIMILOLPAN,TEOTIHUACÁN,TEOTIHUACÁN,17/05/2016,,,,,,,,,,,,,,,,,,,,,,,,,2,,
MCSSA006763,SAN PEDRO CHIAUTZINGO,SAN PEDRO CHIAUTZINGO,TEPETLAOXTOC,TEXCOCO,19/05/2016,,,,,,,,,,,,,,,,,,,,,,,,,2,,
MCSSA006804,CEAPS TEPOZOTLAN NICOLÁS BRAVO,TEPOTZOTLÁN,TEPOTZOTLÁN,CUAUTITLÁN,06/05/2016,,,,,,,,,,,,,,,,,,,,,,,,,3,,
MCSSA006816,CAÑADA DE CISNEROS,CAÑADA DE CISNEROS,TEPOTZOTLÁN,CUAUTITLÁN,10/05/2016,,,,,,,,,,,,,,,,,,,,,,,,,1,,
MCSSA006973,SAN MIGUEL COATLINCHAN,SAN MIGUEL COATLINCHÁN,TEXCOCO,TEXCOCO,18/05/2016,,,,,,,,,,,,,,,,,,,,,,,,,3,,
MCSSA006990,SAN PABLO IXAYOC,SAN PABLO IXAYOC,TEXCOCO,TEXCOCO,20/05/2016,,,,,,,,,,,,,,,,,,,,,,,,,2,,
MCSSA007212,ZARAGOZA,TERCERA MANZANA DE ZARAGOZA,TIMILPAN,JILOTEPEC,04/05/2016,,,,,,,,,,,,,,,,,,,,,,,,,2,,
MCSSA007323,SAN PEDRO BARRIENTOS,TLALNEPANTLA,TLALNEPANTLA DE BAZ,TLALNEPANTLA,04/05/2016,,,,,,,,,,,,,,,,,,,,,,,,,2,,
MCSSA007335,LÁZARO CÁRDENAS III,TLALNEPANTLA,TLALNEPANTLA DE BAZ,TLALNEPANTLA,06/05/2016,,,,,,,,,,,,,,,,,,,,,,,,,1,,
MCSSA007405,SANTA CECILIA,TLALNEPANTLA,TLALNEPANTLA DE BAZ,TLALNEPANTLA,05/05/2016,,,,,,,,,,,,,,,,,,,,,,,,,1,,
MCSSA007410,SAN JUANICO,TLALNEPANTLA,TLALNEPANTLA DE BAZ,TLALNEPANTLA,04/05/2016,,,,,,,,,,,,,,,,,,,,,,,,,1,,
MCSSA007422,SAN LUCAS PATONI,TLALNEPANTLA,TLALNEPANTLA DE BAZ,TLALNEPANTLA,04/05/2016,,,,,,,,,,,,,,,,,,,,,,,,,3,,
MCSSA007550,SAN JUAN TETITLAN,SAN JUAN TETITLÁN,TLATLAYA,TEJUPILCO,31/05/2016,,,,,,,,,,,,,,,,,,,,,,,,,2,,
MCSSA007690,TOLUCA COLONIA REFORMA,TOLUCA DE LERDO,TOLUCA,TOLUCA,19/05/2016,,,,,,,,,,,,,,,,,,,,,,,,,2,,
MCSSA007784,SAN JUAN TILAPA,SAN JUAN TILAPA,TOLUCA,TOLUCA,19/05/2016,,,,,,,,,,,,,,,,,,,,,,,,,3,,
MCSSA007830,TLACHALAYO 1A. SECCIÓN,TLACHALOYA PRIMERA SECCIÓN,TOLUCA,TOLUCA,17/05/2016,,,,,,,,,,,,,,,,,,,,,,,,,3,,
MCSSA007854,SAN MIGUEL TOTOLTEPEC,SAN MIGUEL TOTOLTEPEC,TOLUCA,TOLUCA,26/05/2016,,,,,,,,,,,,,,,,,,,,,,,,,1,,
MCSSA008011,CEAPS COLORINES,COLORINES,VALLE DE BRAVO,VALLE DE BRAVO,02/06/2016,,,,,,,,,,,,,,,,,,,,,,,,,3,,
MCSSA008146,SAN PABLO MALACATEPEC,SAN PABLO MALACATEPEC,VILLA DE ALLENDE,VALLE DE BRAVO,03/06/2016,,,,,,,,,,,,,,,,,,,,,,,,,3,,
MCSSA008216,PUEBLO NUEVO,PUEBLO NUEVO,VILLA DEL CARBÓN,JILOTEPEC,16/05/2016,,,,,,,,,,,,,,,,,,,,,,,,,3,,
MCSSA008344,LOS CEDROS,LOS CEDROS,VILLA VICTORIA,VALLE DE BRAVO,12/05/2016,,,,,,,,,,,,,,,,,,,,,,,,,2,,
MCSSA008513,SAN ANTONIO DEL RINCÓN,SAN ANTONIO DEL RINCÓN,VILLA VICTORIA,VALLE DE BRAVO,11/05/2016,,,,,,,,,,,,,,,,,,,,,,,,,2,,
MCSSA008554,SANTIAGO TEJOCOTILLOS,SANTIAGO TEJOCOTILLOS,XONACATLÁN,XONACATLÁN,26/05/2016,,,,,,,,,,,,,,,,,,,,,,,,,2,,
MCSSA008583,HUITZOLTEPEC,HUITZOLTEPEC,ZACUALPAN,TENANCINGO,24/05/2016,,,,,,,,,,,,,,,,,,,,,,,,,1,,
MCSSA008776,EMILIANO ZAPATA,SAN MIGUEL ZINACANTEPEC,ZINACANTEPEC,TOLUCA,18/05/2016,,,,,,,,,,,,,,,,,,,,,,,,,3,,
MCSSA008810,SAN PABLO TEJALPA,SAN PABLO TEJALPA,ZUMPAHUACÁN,TENANCINGO,23/05/2016,,,,,,,,,,,,,,,,,,,,,,,,,3,,
MCSSA008851,SAN BARTOLO CUAUTLALPAN,SAN BARTOLO CUAUTLALPAN,ZUMPANGO,ZUMPANGO,16/05/2016,,,,,,,,,,,,,,,,,,,,,,,,,1,,
MCSSA008950,COLONIA SANTIAGO,XICO,VALLE DE CHALCO SOLIDARIDAD,AMECAMECA,25/05/2016,,,,,,,,,,,,,,,,,,,,,,,,,2,,
MCSSA008986,COLONIA SAN ISIDRO,XICO,VALLE DE CHALCO SOLIDARIDAD,AMECAMECA,24/05/2016,,,,,,,,,,,,,,,,,,,,,,,,,3,,
MCSSA009324,SAN BUENAVENTURA,TOLUCA DE LERDO,TOLUCA,TOLUCA,27/05/2016,,,,,,,,,,,,,,,,,,,,,,,,,3,,
MCSSA009382,SANTA CRUZ ATZCAPOZALTONGO,TOLUCA DE LERDO,TOLUCA,TOLUCA,18/05/2016,,,,,,,,,,,,,,,,,,,,,,,,,2,,
MCSSA009423,SANTA MARÍA ATARASQUILLO,SANTA MARÍA ATARASQUILLO,LERMA,XONACATLÁN,30/05/2016,,,,,,,,,,,,,,,,,,,,,,,,,2,,
MCSSA009464,CAJA DE AGUA,CAJA DE AGUA,LUVIANOS,TEJUPILCO,30/05/2016,,,,,,,,,,,,,,,,,,,,,,,,,2,,
MCSSA009645,TRAFICO NUEVO,VILLA NICOLÁS ROMERO,NICOLÁS ROMERO,ATIZAPÁN DE ZARAGOZA,09/05/2016,,,,,,,,,,,,,,,,,,,,,,,,,1,,
MCSSA009650,ALBORADA,SAN PABLO DE LAS SALINAS,TULTITLÁN,CUAUTITLÁN,06/05/2016,,,,,,,,,,,,,,,,,,,,,,,,,2,,
MCSSA009691,SAN MIGUEL TOTOLCINGO,TEPEXPAN,ACOLMAN,TEOTIHUACÁN,13/05/2016,,,,,,,,,,,,,,,,,,,,,,,,,3,,
MCSSA009872,COL. DARÍO MARTÍNEZ,XICO,VALLE DE CHALCO SOLIDARIDAD,AMECAMECA,24/05/2016,,,,,,,,,,,,,,,,,,,,,,,,,2,,
MCSSA010333,"C.S. EL TUNAL, SAN FELIPE DEL PROGRESO",SAN FELIPE DEL PROGRESO,SAN FELIPE DEL PROGRESO,IXTLAHUACA,09/05/2016,,,,,,,,,,,,,,,,,,,,,,,,,3,,
MCSSA015962,LA CONCEPCIÓN SEGUNDA,LA CONCEPCIÓN (LA CONCEPCIÓN SEGUNDA),EL ORO,ATLACOMULCO,09/05/2016,,,,,,,,,,,,,,,,,,,,,,,,,2,,
MCSSA016995,CENTRO DE SALUD SAN JOSE SOLIS,SAN JOSÉ SOLÍS,TEMASCALCINGO,ATLACOMULCO,02/05/2016,,,,,,,,,,,,,,,,,,,,,,,,,1,,
MCSSA017386,CEAPS POLOTITLAN,POLOTITLÁN DE LA ILUSTRACIÓN,POLOTITLÁN,JILOTEPEC,03/05/2016,,,,,,,,,,,,,,,,,,,,,,,,,3,,
MCSSA017415,CUECUECUAUTITLA,SAN ESTEBAN CUECUECUAUTITLA,TEPETLIXPA,AMECAMECA,27/05/2016,,,,,,,,,,,,,,,,,,,,,,,,,2,,
MCSSA017456,CENTRO DE SALUD JURICA,JURICA,ACULCO,JILOTEPEC,04/05/2016,,,,,,,,,,,,,,,,,,,,,,,,,3,,
MCSSA017543,CEAPS SANTO TOMAS DE LOS PLATANOS,SANTO TOMÁS DE LOS PLÁTANOS,SANTO TOMÁS,VALLE DE BRAVO,02/06/2016,,,,,,,,,,,,,,,,,,,,,,,,,1,,
MCSSA018400,GANZDA,GANZDA,ACAMBAY DE RUÍZ CASTAÑEDA,ATLACOMULCO,05/05/2016,,,,,,,,,,,,,,,,,,,,,,,,,1,,
MCSSA018511,CEAPS SAN JOSÉ DEL RINCÓN,SAN JOSÉ DEL RINCÓN CENTRO,SAN JOSÉ DEL RINCÓN,IXTLAHUACA,10/05/2016,,,,,,,,,,,,,,,,,,,,,,,,,3,,
MCSSA018861,CEAPS SAN GASPAR TLALHUELILPAN,SAN GASPAR TLAHUELILPAN,METEPEC,TOLUCA,30/05/2016,,,,,,,,,,,,,,,,,,,,,,,,,3,,
